<Objs Version="1.1.0.1" xmlns="http://schemas.microsoft.com/powershell/2004/04">
  <Obj RefId="0">
    <TN RefId="0">
      <T>Microsoft.PowerShell.Commands.PSRepositoryItemInfo</T>
      <T>System.Management.Automation.PSCustomObject</T>
      <T>System.Object</T>
    </TN>
    <MS>
      <S N="Name">AWSPowerShell.NetCore</S>
      <S N="Version">3.3.343.0</S>
      <S N="Type">Module</S>
      <S N="Description">The AWS Tools for PowerShell Core lets developers and administrators manage their AWS services from the PowerShell Core scripting environment.</S>
      <S N="Author">Amazon.com Inc</S>
      <S N="CompanyName">aws-dotnet-sdk-team</S>
      <S N="Copyright">Copyright 2012-2018 Amazon.com, Inc. or its affiliates. All Rights Reserved.</S>
      <DT N="PublishedDate">2018-08-23T17:52:49-06:00</DT>
      <Nil N="InstalledDate" />
      <Nil N="UpdatedDate" />
      <URI N="LicenseUri">https://docs.aws.amazon.com/powershell/latest/reference/License.html</URI>
      <URI N="ProjectUri">https://aws.amazon.com/powershell/</URI>
      <URI N="IconUri">https://sdk-for-net.amazonwebservices.com/images/AWSLogo128x128.png</URI>
      <Obj N="Tags" RefId="1">
        <TN RefId="1">
          <T>System.Object[]</T>
          <T>System.Array</T>
          <T>System.Object</T>
        </TN>
        <LST>
          <S>AWS</S>
          <S>cloud</S>
          <S>PSModule</S>
          <S>PSEdition_Core</S>
        </LST>
      </Obj>
      <Obj N="Includes" RefId="2">
        <TN RefId="2">
          <T>System.Collections.Hashtable</T>
          <T>System.Object</T>
        </TN>
        <DCT>
          <En>
            <S N="Key">Command</S>
            <Obj N="Value" RefId="3">
              <TNRef RefId="1" />
              <LST>
                <S>*-*</S>
              </LST>
            </Obj>
          </En>
          <En>
            <S N="Key">Workflow</S>
            <Obj N="Value" RefId="4">
              <TNRef RefId="1" />
              <LST />
            </Obj>
          </En>
          <En>
            <S N="Key">Cmdlet</S>
            <Obj N="Value" RefId="5">
              <TNRef RefId="1" />
              <LST>
                <S>*-*</S>
              </LST>
            </Obj>
          </En>
          <En>
            <S N="Key">RoleCapability</S>
            <Ref N="Value" RefId="4" />
          </En>
          <En>
            <S N="Key">Function</S>
            <Ref N="Value" RefId="4" />
          </En>
          <En>
            <S N="Key">DscResource</S>
            <Ref N="Value" RefId="4" />
          </En>
        </DCT>
      </Obj>
      <Nil N="PowerShellGetFormatVersion" />
      <S N="ReleaseNotes">### 3.3.343.0 (2018-08-23)_x000D__x000A_  * Application Discovery Service_x000D__x000A_    * Added cmdlets to support the service's new Continuous Export APIs. Continuous Export APIs allow you to analyze your on-premises server inventory data, including system performance and network dependencies, in Amazon Athena. The new cmdlets are Get-ADSContinousExport (DescribeContinuousExports API), Start-ADSContinuousExport (StartContinuousExport API) and Stop-ADSContinuousExport (StopContinuousExport API)._x000D__x000A_  * Auto Scaling_x000D__x000A_    * Added cmdlets to support new batch operations for creating/updating and deleting scheduled scaling actions. The new cmdlets are Remove-ASScheduledActionBatch (BatchDeleteScheduledAction API) and Set-ASScheduledUpdateGroupActionBatch (BatchPutScheduledUpdateGroupAction API)._x000D__x000A_  * Amazon DynamoDB_x000D__x000A_    * Updated cmdlets to support new service features for modifying table Server-Side Encryption settings._x000D__x000A_  * Amazon Redshift_x000D__x000A_    * Added cmdlet Set-RSClusterSize to support the new ResizeCluster API. With the new ResizeCluster action, your cluster is available for read and write operations within minutes._x000D__x000A_  * Amazon SageMaker_x000D__x000A_    * Updated cmdlets to support new service feature allowing lifecycle configurations to be associated and disassociated._x000D__x000A_  * AWS Device Farm_x000D__x000A_    * Added and updated cmdlets to support running tests in a custom environment with live logs/video streaming, full test features parity and reduction in overall test execution time. The new cmdlets are Stop-DFJob (StopJob API) and Update-DFUpload (UpdateUpload API)._x000D__x000A_  * AWS Elasticsearch_x000D__x000A_    *  Added support for no downtime, in-place upgrade for Elasticsearch version 5.1 and above. The new cmdlets are Get-ESCompatibleElasticsearchVersion (GetCompatibleElasticsearchVersions API), Get-ESUpgradeHistory (GetUpgradeHistory API), Get-ESUpgradeStatus (GetUpgradeStatus API) and Update-ESElasticsearchDomain (UpgradeElasticsearchDomain API).</S>
      <Obj N="Dependencies" RefId="6">
        <TNRef RefId="1" />
        <LST />
      </Obj>
      <S N="RepositorySourceLocation">https://www.powershellgallery.com/api/v2/</S>
      <S N="Repository">PSGallery</S>
      <S N="PackageManagementProvider">NuGet</S>
      <Obj N="AdditionalMetadata" RefId="7">
        <TN RefId="3">
          <T>System.Management.Automation.PSCustomObject</T>
          <T>System.Object</T>
        </TN>
        <MS>
          <S N="copyright">Copyright 2012-2018 Amazon.com, Inc. or its affiliates. All Rights Reserved.</S>
          <S N="description">The AWS Tools for PowerShell Core lets developers and administrators manage their AWS services from the PowerShell Core scripting environment.</S>
          <S N="requireLicenseAcceptance">True</S>
          <S N="releaseNotes">### 3.3.343.0 (2018-08-23)_x000D__x000A_  * Application Discovery Service_x000D__x000A_    * Added cmdlets to support the service's new Continuous Export APIs. Continuous Export APIs allow you to analyze your on-premises server inventory data, including system performance and network dependencies, in Amazon Athena. The new cmdlets are Get-ADSContinousExport (DescribeContinuousExports API), Start-ADSContinuousExport (StartContinuousExport API) and Stop-ADSContinuousExport (StopContinuousExport API)._x000D__x000A_  * Auto Scaling_x000D__x000A_    * Added cmdlets to support new batch operations for creating/updating and deleting scheduled scaling actions. The new cmdlets are Remove-ASScheduledActionBatch (BatchDeleteScheduledAction API) and Set-ASScheduledUpdateGroupActionBatch (BatchPutScheduledUpdateGroupAction API)._x000D__x000A_  * Amazon DynamoDB_x000D__x000A_    * Updated cmdlets to support new service features for modifying table Server-Side Encryption settings._x000D__x000A_  * Amazon Redshift_x000D__x000A_    * Added cmdlet Set-RSClusterSize to support the new ResizeCluster API. With the new ResizeCluster action, your cluster is available for read and write operations within minutes._x000D__x000A_  * Amazon SageMaker_x000D__x000A_    * Updated cmdlets to support new service feature allowing lifecycle configurations to be associated and disassociated._x000D__x000A_  * AWS Device Farm_x000D__x000A_    * Added and updated cmdlets to support running tests in a custom environment with live logs/video streaming, full test features parity and reduction in overall test execution time. The new cmdlets are Stop-DFJob (StopJob API) and Update-DFUpload (UpdateUpload API)._x000D__x000A_  * AWS Elasticsearch_x000D__x000A_    *  Added support for no downtime, in-place upgrade for Elasticsearch version 5.1 and above. The new cmdlets are Get-ESCompatibleElasticsearchVersion (GetCompatibleElasticsearchVersions API), Get-ESUpgradeHistory (GetUpgradeHistory API), Get-ESUpgradeStatus (GetUpgradeStatus API) and Update-ESElasticsearchDomain (UpgradeElasticsearchDomain API).</S>
          <S N="isLatestVersion">False</S>
          <S N="isAbsoluteLatestVersion">False</S>
          <S N="versionDownloadCount">7961</S>
          <S N="downloadCount">134960</S>
          <S N="packageSize">12291235</S>
          <S N="published">8/23/2018 5:52:49 PM -06:00</S>
          <S N="created">8/23/2018 5:52:49 PM -06:00</S>
          <S N="lastEdited">8/23/2018 5:58:34 PM -06:00</S>
          <S N="lastUpdated">5/24/2019 3:59:22 PM -06:00</S>
          <S N="tags">AWS cloud PSModule PSEdition_Core</S>
          <S N="developmentDependency">False</S>
          <S N="updated">2019-05-24T15:59:22Z</S>
          <S N="NormalizedVersion">3.3.343</S>
          <S N="Authors">Amazon.com Inc</S>
          <S N="IsPrerelease">false</S>
          <S N="ItemType">Module</S>
          <S N="FileList">AWSPowerShell.NetCore.nuspec|AWSAliases.ps1|AWSPowerShell.Format.ps1xml|AWSPowerShell.NetCore.dll|AWSPowerShell.NetCore.dll-Help.xml|AWSPowerShell.NetCore.psd1|AWSPowerShell.TypeExtensions.ps1xml|AWSPowerShellCompleters.psm1|AWSPowerShellLegacyAliases.psm1|AWSSDK.ACMPCA.dll|AWSSDK.AlexaForBusiness.dll|AWSSDK.APIGateway.dll|AWSSDK.ApplicationAutoScaling.dll|AWSSDK.ApplicationDiscoveryService.dll|AWSSDK.AppStream.dll|AWSSDK.AppSync.dll|AWSSDK.Athena.dll|AWSSDK.AutoScaling.dll|AWSSDK.AutoScalingPlans.dll|AWSSDK.AWSHealth.dll|AWSSDK.AWSMarketplaceCommerceAnalytics.dll|AWSSDK.AWSMarketplaceMetering.dll|AWSSDK.AWSSupport.dll|AWSSDK.Batch.dll|AWSSDK.Budgets.dll|AWSSDK.CertificateManager.dll|AWSSDK.Cloud9.dll|AWSSDK.CloudDirectory.dll|AWSSDK.CloudFormation.dll|AWSSDK.CloudFront.dll|AWSSDK.CloudHSM.dll|AWSSDK.CloudHSMV2.dll|AWSSDK.CloudSearch.dll|AWSSDK.CloudSearchDomain.dll|AWSSDK.CloudTrail.dll|AWSSDK.CloudWatch.dll|AWSSDK.CloudWatchEvents.dll|AWSSDK.CloudWatchLogs.dll|AWSSDK.CodeBuild.dll|AWSSDK.CodeCommit.dll|AWSSDK.CodeDeploy.dll|AWSSDK.CodePipeline.dll|AWSSDK.CodeStar.dll|AWSSDK.CognitoIdentity.dll|AWSSDK.CognitoIdentityProvider.dll|AWSSDK.Comprehend.dll|AWSSDK.ConfigService.dll|AWSSDK.Connect.dll|AWSSDK.Core.dll|AWSSDK.CostAndUsageReport.dll|AWSSDK.CostExplorer.dll|AWSSDK.DatabaseMigrationService.dll|AWSSDK.DataPipeline.dll|AWSSDK.DAX.dll|AWSSDK.DeviceFarm.dll|AWSSDK.DirectConnect.dll|AWSSDK.DirectoryService.dll|AWSSDK.DLM.dll|AWSSDK.DynamoDBv2.dll|AWSSDK.EC2.dll|AWSSDK.ECR.dll|AWSSDK.ECS.dll|AWSSDK.EKS.dll|AWSSDK.ElastiCache.dll|AWSSDK.ElasticBeanstalk.dll|AWSSDK.ElasticFileSystem.dll|AWSSDK.ElasticLoadBalancing.dll|AWSSDK.ElasticLoadBalancingV2.dll|AWSSDK.ElasticMapReduce.dll|AWSSDK.Elasticsearch.dll|AWSSDK.ElasticTranscoder.dll|AWSSDK.FMS.dll|AWSSDK.GameLift.dll|AWSSDK.Glue.dll|AWSSDK.Greengrass.dll|AWSSDK.GuardDuty.dll|AWSSDK.IdentityManagement.dll|AWSSDK.ImportExport.dll|AWSSDK.Inspector.dll|AWSSDK.IoT.dll|AWSSDK.IoT1ClickDevicesService.dll|AWSSDK.IoT1ClickProjects.dll|AWSSDK.IoTAnalytics.dll|AWSSDK.IotData.dll|AWSSDK.IoTJobsDataPlane.dll|AWSSDK.KeyManagementService.dll|AWSSDK.Kinesis.dll|AWSSDK.KinesisAnalytics.dll|AWSSDK.KinesisFirehose.dll|AWSSDK.KinesisVideo.dll|AWSSDK.KinesisVideoArchivedMedia.dll|AWSSDK.KinesisVideoMedia.dll|AWSSDK.Lambda.dll|AWSSDK.Lex.dll|AWSSDK.LexModelBuildingService.dll|AWSSDK.Lightsail.dll|AWSSDK.MachineLearning.dll|AWSSDK.Macie.dll|AWSSDK.MarketplaceEntitlementService.dll|AWSSDK.MediaConvert.dll|AWSSDK.MediaLive.dll|AWSSDK.MediaPackage.dll|AWSSDK.MediaStore.dll|AWSSDK.MediaStoreData.dll|AWSSDK.MediaTailor.dll|AWSSDK.MigrationHub.dll|AWSSDK.Mobile.dll|AWSSDK.MQ.dll|AWSSDK.MTurk.dll|AWSSDK.Neptune.dll|AWSSDK.OpsWorks.dll|AWSSDK.OpsWorksCM.dll|AWSSDK.Organizations.dll|AWSSDK.PI.dll|AWSSDK.Pinpoint.dll|AWSSDK.Polly.dll|AWSSDK.Pricing.dll|AWSSDK.RDS.dll|AWSSDK.Redshift.dll|AWSSDK.Rekognition.dll|AWSSDK.ResourceGroups.dll|AWSSDK.ResourceGroupsTaggingAPI.dll|AWSSDK.Route53.dll|AWSSDK.Route53Domains.dll|AWSSDK.S3.dll|AWSSDK.SageMaker.dll|AWSSDK.SageMakerRuntime.dll|AWSSDK.SecretsManager.dll|AWSSDK.SecurityToken.dll|AWSSDK.ServerlessApplicationRepository.dll|AWSSDK.ServerMigrationService.dll|AWSSDK.ServiceCatalog.dll|AWSSDK.ServiceDiscovery.dll|AWSSDK.Shield.dll|AWSSDK.SimpleEmail.dll|AWSSDK.SimpleNotificationService.dll|AWSSDK.SimpleSystemsManagement.dll|AWSSDK.SimpleWorkflow.dll|AWSSDK.Snowball.dll|AWSSDK.SQS.dll|AWSSDK.StepFunctions.dll|AWSSDK.StorageGateway.dll|AWSSDK.TranscribeService.dll|AWSSDK.Translate.dll|AWSSDK.WAF.dll|AWSSDK.WAFRegional.dll|AWSSDK.WorkDocs.dll|AWSSDK.WorkMail.dll|AWSSDK.WorkSpaces.dll|AWSSDK.XRay.dll|CHANGELOG.md</S>
          <S N="Cmdlets">*-*</S>
          <S N="GUID">cb0b9b96-f3f2-4eff-b7f4-cbe0a9203683</S>
          <S N="PowerShellVersion">5.1</S>
          <S N="CompanyName">Amazon.com, Inc</S>
        </MS>
      </Obj>
      <S N="InstalledLocation">C:\Users\jmcgee\AppData\Local\Temp\PSWindowsFact\Modules\AWSPowerShell.NetCore\3.3.343.0</S>
    </MS>
  </Obj>
</Objs>
